Categoria;Pregunta;Opción A;Opción B;Opción C;Opción D;Respuesta Correcta;Explicación
Conocimientos Ferroviarios;1. Atendiendo a los elementos comunes del material rodante, ¿dónde se encuentra ubicada exactamente la suspensión secundaria en un vehículo ferroviario?;A) Entre los ejes montados y el bastidor del bogie.;B) Entre la caja del vehículo y el bastidor del bogie.;C) Directamente uniendo las ruedas con el patín del carril.;D) En el interior de las cajas de grasa.;B;Es una pregunta trampa clásica. La suspensión primaria se sitúa entre los ejes y el bogie, mientras que la secundaria es la que amortigua la caja del vehículo sobre el bogie.
Conocimientos Ferroviarios;2. En el esquema eléctrico de un material motor, ¿a qué grupo de consumidores pertenece el accionamiento eléctrico del compresor principal de aire?;A) Consumidores de alta tensión (tracción).;B) Consumidores de baja tensión alimentados directamente por batería.;C) Consumidores de la red de control y señalización.;D) Consumidores de media tensión (servicios auxiliares).;D;El compresor principal, fundamental para el freno y la suspensión neumática, no usa la alta tensión de los motores ni los 24/110V de la batería, sino media tensión generada por los convertidores de servicios auxiliares.
Conocimientos Ferroviarios;3. En una locomotora con 'transmisión diésel-eléctrica', ¿cuál es la función estricta del motor diésel?;A) Transmitir el movimiento rotativo de salida directamente a los ejes mediante engranajes.;B) Actuar exclusivamente como generador de energía eléctrica, sin transmitir movimiento a los ejes.;C) Proporcionar energía mediante un convertidor de par hidrodinámico.;D) Alimentar la tracción mientras el pantógrafo alimenta los servicios auxiliares.;B;"A diferencia de la diésel-hidráulica, en la diésel-eléctrica el motor de gasoil solo mueve un alternador para crear electricidad; son los motores de tracción (eléctricos) los que realmente mueven las ruedas."
Conocimientos Ferroviarios;4. Como norma general, durante la circulación en plena vía de una locomotora eléctrica equipada con dos pantógrafos, ¿cuál es su configuración operativa habitual?;A) Circular siempre con ambos pantógrafos elevados.;B) Circular exclusivamente con el pantógrafo delantero elevado.;C) Circular con el pantógrafo trasero elevado.;D) Alternar los pantógrafos en cada cantón de bloqueo.;C;Para evitar que, en caso de rotura o enganchón, el pantógrafo averiado dañe al otro al caer hacia atrás, los trenes circulan normalmente con el pantógrafo trasero elevado.
Conocimientos Ferroviarios;5. Según la clasificación del Número de Vehículo Europeo (NVE) en la RFIG, si observamos una unidad cuya serie comienza por un '2' (ej. 252 o 253), sabemos que se trata de:;A) Un automotor diésel.;B) Un automotor eléctrico de alta velocidad.;C) Una locomotora diésel.;D) Una locomotora eléctrica.;D;Las series 100 son automotores eléctricos de alta velocidad, las 200 son locomotoras eléctricas, las 300 locomotoras diésel, las 400 automotores eléctricos y las 500 automotores diésel.
Conocimientos Ferroviarios;6. En relación con el freno automático por aire comprimido, ¿qué condición se requiere en la Tubería del Freno Automático (TFA) para que los frenos aflojen y el tren pueda circular?;A) Que la tubería esté completamente vacía (0 kg/cm2).;B) Que esté presurizada al valor de régimen, habitualmente 5 kg/cm2.;C) Que alcance presiones hidráulicas superiores a 10 kg/cm2.;D) Que se haya inyectado arena a presión en la tubería.;B;El freno es 'automático' porque frena ante la falta de aire (por rotura del tubo o alarma). Por tanto, para poder aflojar frenos y circular, la TFA debe estar cargada y mantenida a 5 kg/cm2.
Conocimientos Ferroviarios;7. ¿Cuál es el principal inconveniente o limitación de los frenos dinámicos (electrodinámico e hidrodinámico) utilizados como frenos complementarios?;A) Van perdiendo eficacia de manera proporcional a la disminución de la velocidad.;B) Solo funcionan si el tren está completamente detenido.;C) Consumen una enorme cantidad de aire del depósito principal.;D) Provocan el desgaste prematuro de las zapatas de freno.;A;Los frenos dinámicos son muy potentes a altas velocidades, pero al basarse en el giro de los motores o convertidores, pierden eficacia a baja velocidad, necesitando siempre el freno neumático para la detención total.
Conocimientos Ferroviarios;8. El freno de estacionamiento por 'resorte acumulador' garantiza que un vehículo se mantenga inmovilizado porque:;A) Utiliza baterías eléctricas de emergencia.;B) Su timonería es accionada por la fuerza de un muelle en reposo, cuando no hay energía o presión.;C) Es el único freno que aplica cuñas manuales sobre los carriles.;D) Absorve la presión de los depósitos principales para mantener la tensión.;B;La trampa típica. El resorte (muelle) siempre quiere frenar el tren. Cuando hay aire comprimido, este vence al muelle y afloja el freno. Al apagar el tren o quitar el aire, el muelle se estira y frena el tren automáticamente sin necesidad de energía.
Conocimientos Ferroviarios;9. ¿Qué tipo de enganche permite realizar la conexión mecánica, eléctrica y neumática de forma simultánea e inteligente con solo aproximar los vehículos, siendo muy común en automotores?;A) Enganche de husillo.;B) Enganche UIC convencional.;C) Enganche Scharfenberg.;D) Enganche de socorro.;C;Mientras el enganche convencional/UIC requiere que un operario baje a la vía a conectar los ganchos y mangueras, el enganche automático (como el Scharfenberg) acopla todos los sistemas automáticamente al chocar.
Conocimientos Ferroviarios;10. ¿Cuál es la diferencia fundamental en la explotación ferroviaria entre un 'Coche' y un 'Automotor'?;A) El coche es para mercancías y el automotor para viajeros.;B) El automotor es un vehículo indeformable con tracción propia, mientras que el coche carece de tracción y necesita ser remolcado.;C) El coche se utiliza en alta velocidad y el automotor en redes de ancho métrico.;D) El automotor siempre es dual, mientras el coche es eléctrico.;B;Material motor vs Material remolcado. El automotor (tren autopropulsado) lleva los motores integrados y se mueve solo. El coche, aunque lleva viajeros, forma parte del material remolcado y necesita una locomotora.
Conocimientos Ferroviarios;1. Si se produce un fallo técnico en un sistema de detección de trenes, ¿qué estado debe interpretar y asumir el sistema para garantizar la seguridad?;A) Cantón libre para no detener el tráfico y asegurar la eficiencia operativa.;B) Cantón en mantenimiento preventivo.;C) Cantón ocupado, aplicando el principio fundamental de máxima seguridad.;D) Condición de precaución a 30 km/h y marcha a la vista.;C;En caso de fallo en el sistema de detección, este debe interpretar siempre la condición más segura, es decir, considerar el cantón como ocupado [8, 9].
Conocimientos Ferroviarios;2. ¿Cuál de las siguientes afirmaciones describe de manera exacta la diferencia funcional entre los sistemas de enclavamiento y de bloqueo?;A) El enclavamiento gestiona la separación entre trenes en plena vía, mientras el bloqueo regula los itinerarios en las estaciones.;B) El enclavamiento permite establecer itinerarios seguros en el interior de las estaciones, y el bloqueo garantiza la separación segura entre trenes en los trayectos entre estaciones.;C) El enclavamiento es exclusivo de las líneas de alta velocidad y el bloqueo de la red convencional.;D) El bloqueo actúa mecánicamente sobre las agujas y el enclavamiento actúa sobre los circuitos de vía.;B;Comparando ambos sistemas, podría decirse que el enclavamiento permite establecer rutas seguras en el interior de las estaciones, y el bloqueo garantiza la distancia entre trenes entre estaciones [10, 11].
Conocimientos Ferroviarios;3. Según los principios básicos que rigen un enclavamiento, ¿qué condición es indispensable para que una señal autorice un movimiento?;A) Que el Maquinista confirme la recepción de la orden por radiotelefonía al Centro de Regulación.;B) Que el tren cuente con el sistema ETCS Nivel 2 activo en modo pleno.;C) Que los aparatos de vía (agujas) implicados en la ruta se encuentren en su posición correcta.;D) Que el Centro de Regulación de la Circulación (CRC) desactive el bloqueo temporalmente.;C;El primer principio básico establece que ninguna señal puede autorizar un movimiento en una estación si los aparatos de vía (agujas) no están fijados en su posición correcta [12].
Conocimientos Ferroviarios;4. En el sistema de protección LZB, cuando un tren se aproxima a un punto donde debe efectuar un cambio de la velocidad límite, ¿qué indica exactamente la magnitud conocida como 'Distancia Meta'?;A) La distancia total que resta hasta la estación de destino final del tren.;B) La longitud total del circuito de vía o cantón en el que se encuentra circulando en ese instante.;C) La distancia física existente entre la cabeza del tren y el punto exacto donde el tren debe circular a la nueva velocidad límite prescrita.;D) La distancia de seguridad inmodificable de 300 metros que existe entre la baliza previa y la señal.;C;En el indicador de cabina (AICC), la Distancia Meta muestra la distancia existente entre la cabeza de tren y el punto exacto donde debe efectuarse el cambio a la nueva velocidad límite o velocidad meta [13, 14].
Conocimientos Ferroviarios;5. A diferencia de los sistemas de transmisión continua, ¿cómo obtiene la información de la vía el equipo embarcado del sistema de protección ASFA?;A) Mediante una conexión de radio bidireccional constante a través de la red GSM-R.;B) De forma puntual, mediante la lectura de balizas unidireccionales instaladas en la vía (habitualmente una previa a 300 metros y otra a pie de señal).;C) A través de un cable radiante o de vía extendido longitudinalmente por el eje del trayecto.;D) Mediante la inyección de una corriente eléctrica codificada a través del patín de los carriles.;B;El sistema ASFA es de transmisión puntual mediante balizas unidireccionales situadas en la vía, las cuales proporcionan información del aspecto de la señal más próxima, ofreciendo una supervisión semicontinua [15, 16].
Conocimientos Ferroviarios;6. ¿Por qué en la explotación ferroviaria es estrictamente necesario que una parada o reducción de velocidad esté anunciada por señales previas con gran antelación?;A) Para cumplir imperativamente con los requisitos estéticos de las normativas de interoperabilidad europeas.;B) Porque el sistema de radiotelefonía Tren-Tierra tiene un retardo de transmisión de varios segundos.;C) Por las características físicas del ferrocarril, donde la baja adherencia rueda-carril y las grandes masas requieren distancias de frenado muy extensas.;D) Para permitir que las subestaciones eléctricas adapten la tensión de la catenaria de 3.000 V a 25.000 V.;C;Dadas las condiciones físicas del ferrocarril (el poco rozamiento y baja adherencia rueda-carril, sumado a las grandes masas), las detenciones o reducciones requieren grandes distancias de frenado, por lo que deben anunciarse siempre con antelación suficiente [17-19].
Conocimientos Ferroviarios;7. El sistema ETCS (European Train Control System) dispone de varios niveles de implantación. ¿Qué tecnología de radiotelefonía utiliza como soporte indispensable para la comunicación continua bidireccional tren-vía en el Nivel 2?;A) El sistema analógico Tren-Tierra (Modalidad C).;B) La red Wi-Fi de banda ancha de las estaciones y terminales logísticas.;C) El sistema GSM-R (estándar europeo interoperable).;D) Las eurobalizas pasivas y unidireccionales de la infraestructura.;C;El GSM-R es el sistema de radiotelefonía interoperable europeo que se desarrolla en paralelo al ETCS, ya que, concretamente en el Nivel 2, es el soporte vital para la comunicación bidireccional continua entre el tren y la vía [16, 20, 21].
Conocimientos Ferroviarios;8. En el sistema de radiotelefonía analógica Tren-Tierra convencional, ¿para qué se utiliza específicamente la 'Modalidad C' de comunicación?;A) Para las comunicaciones exclusivas de emergencia que detienen automáticamente a todos los trenes de la línea.;B) Para las comunicaciones rutinarias entre el Maquinista y el Centro de Regulación durante la circulación en plena vía.;C) Para la realización exclusiva de maniobras, utilizando el sistema de tipo PTT (Push To Talk).;D) Para la conexión constante de datos de los equipos de protección ETCS Nivel 1.;C;El sistema Tren-Tierra tiene dos modalidades principales: la A, para comunicaciones rutinarias durante la circulación, y la C, que es utilizada específicamente para la realización de maniobras mediante el sistema tipo PTT (Push To Talk) [20].
Conocimientos Ferroviarios;9. ¿Cuál es el principio de funcionamiento por el que un sistema de 'contador de ejes' determina que un cantón de bloqueo ha quedado totalmente libre?;A) Al dejar de detectarse el cortocircuito (shuntado) de la corriente eléctrica entre los carriles de la vía.;B) Cuando el detector situado a la salida descuenta exactamente la misma cantidad de ejes que fueron registrados por el detector de entrada.;C) Mediante un haz de luz láser que verifica visualmente la ausencia del disco reflectante de la cola del tren.;D) Cuando el Centro de Regulación de la Circulación (CRC) recibe la llamada del Maquinista confirmando la liberación del trayecto.;B;"A diferencia del circuito de vía, en el contador de ejes se delimita la sección por dos detectores; el cantón se considera ocupado mientras no se descuente a la salida la misma cantidad exacta de ejes que hayan entrado [22]."
Conocimientos Ferroviarios;10. Si comparamos la transmisión y la supervisión de los distintos sistemas de protección instalados en la RFIG, es correcto afirmar que:;A) ASFA ofrece una supervisión continua gracias a la comunicación bidireccional permanente de sus balizas.;B) LZB ofrece una transmisión exclusivamente puntual y una supervisión semicontinua de la velocidad límite.;C) ETCS Nivel 1 ofrece una transmisión puntual (mediante eurobalizas) y una supervisión continua a lo largo del trayecto.;D) El sistema Tren-Tierra es el encargado de ofrecer la supervisión de velocidad más avanzada y restrictiva en la red convencional.;C;Según la tabla comparativa de sistemas, el ETCS N1 utiliza transmisión puntual unidireccional vía eurobalizas, pero, a diferencia del ASFA, mantiene una supervisión continua de la curva de velocidad del tren [16].
Actividad Comercial;Según las normas aplicables a los viajeros contenidas en las Condiciones Generales, ¿cómo deberán acceder o abandonar el tren?;Únicamente en las paradas establecidas al efecto, cuando el tren se encuentre plenamente parado.;Siempre por la puerta más cercana a la cabina de conducción, en cualquier caso.;Podrán hacerlo en movimiento si el personal de intervención lo autoriza excepcionalmente.;Generalmente en cualquier parada técnica, aunque no esté establecida al efecto para viajeros.;A;La opción correcta refleja literalmente la norma de acceder/abandonar el tren cuando se encuentre plenamente parado únicamente en las paradas establecidas al efecto. Los distractores introducen trampas de excepcionalidad o términos absolutos falsos.
Actividad Comercial;En el control de acceso al tren o en ruta, ¿qué facultad tiene el personal encargado de la supervisión de los títulos de transporte respecto a la identificación de los clientes?;Deberá solicitar siempre la identificación de todos los clientes mediante el Libro de Familia sin excepción.;Podrá solicitar la identificación aleatoria o de todos los clientes mediante documentos identificativos vigentes con fotografía.;Únicamente podrá solicitar la identificación aleatoria antes de abandonar la estación de destino y en ningún caso al acceder.;Podrá solicitar la identificación excepcionalmente si el billete tiene un valor superior a 50 euros.;B;El texto indica literalmente que 'podrá solicitar la identificación aleatoria o de todos los clientes'. Los distractores juegan con plazos incorrectos y prohibiciones absolutas.
Actividad Comercial;Según las condiciones del ABONO PASE VÍA, ¿con qué antelación mínima se admite la anulación de la reserva del viaje sin coste asociado para el cliente?;Con una antelación mínima de 60 minutos.;Con una antelación mínima de 24 horas naturales antes de la salida.;En ningún caso se admite la anulación sin coste asociado para el cliente.;Deberá anularse siempre 5 minutos antes del cierre del acceso al tren.;A;El documento indica expresamente que se admite la anulación de la reserva sin coste con una antelación mínima de 60 minutos. Los distractores juegan con plazos incorrectos y prohibiciones absolutas.
Actividad Comercial;Para la emisión de un justificante o billete de continuidad por parte de Renfe ante un retraso o cancelación, ¿cuál es el tiempo mínimo que debe haber entre conexiones?;45 minutos cuando la conexión se realice en la misma estación y 30 minutos si es en diferentes estaciones.;Siempre 60 minutos cuando la conexión se realice en la misma localidad, sin excepción.;30 minutos cuando la conexión se realice en la misma estación y 45 minutos si la conexión es en diferentes estaciones de la misma localidad.;No se exigirá en ningún caso un tiempo mínimo entre conexiones para emitir el justificante.;C;El texto fija 30 minutos en la misma estación y 45 minutos en diferentes estaciones de la misma localidad. El distractor A intercambia los plazos y los demás usan términos absolutos o falsos.
Actividad Comercial;Según la Normativa Comercial (T.E. Nº 1 III.3), a partir del 15 de julio de 2025, ¿qué ocurrirá con el Compromiso Voluntario de Puntualidad por motivos de causa de fuerza mayor?;Se aplicará siempre el Compromiso Voluntario de Puntualidad exclusivamente en Servicios Comerciales.;Se aplicará únicamente en Servicio Público de manera excepcional.;Deberá aplicarse excepcionalmente una indemnización tasada del 50%.;No será aplicado el Compromiso Voluntario de Puntualidad ni otras indemnizaciones de carácter facultativo u opcional.;D;La norma establece literalmente que por causa de fuerza mayor no será aplicado el Compromiso Voluntario de Puntualidad ni otras indemnizaciones. Los distractores obligan a su aplicación o limitan el servicio.
Actividad Comercial;En relación con el ABONO PASE VÍA, ¿qué sucede si se produce un primer cobro fallido en la tarjeta bancaria del usuario?;Transcurridos 30 días hábiles, perderá definitivamente el derecho a realizar nuevas reservas.;Se le cancelarán automáticamente y en todos los casos todas las reservas vigentes del trimestre.;Desde el primer cobro fallido el viajero perderá el derecho a realizar nuevas reservas hasta que regularice la situación.;Podrá seguir realizando reservas excepcionalmente durante tres días naturales hasta el segundo cobro.;C;El texto indica que 'Desde el primer cobro fallido el viajero perderá el derecho a realizar nuevas reservas hasta que regularice la situación'. Las demás opciones introducen plazos falsos (30 días, 3 días) o cancelaciones automáticas inventadas.
II Plan de Igualdad;Según el II Plan de Igualdad de Género del Grupo Renfe, ¿cuándo se publicó en el Boletín Oficial del Estado (BOE) el protocolo para la prevención y el tratamiento de los casos de acoso?;El 10 de marzo de 2010 por la Dirección General de Trabajadores.;El 24 de marzo de 2007, con la entrada de la Ley Orgánica 3/2007.;El 24 de marzo de 2010, mediante la Resolución de 10 de marzo de 2010.;El 22 de marzo de 2014 por orden exclusiva del Consejo de Ministros.;C;El texto recoge que el protocolo está publicado en el BOE de fecha 24 de marzo de 2010. Los distractores juegan con las fechas de la resolución (10 de marzo), la Ley Orgánica (2007) y resoluciones del Consejo de Ministros.
II Plan de Igualdad;En los procesos de selección externa, el Grupo Renfe incorporará un texto garantizando que los criterios de selección fomentarán el equilibrio de género y el incremento del género subrepresentado:;En todos los casos y con carácter obligatorio, priorizando siempre a las mujeres.;En lo posible, tras respetar los principios de igualdad, mérito y capacidad.;Únicamente y de forma excepcional cuando la diferencia de género sea superior al 25%.;Generalmente sin respetar los principios de mérito, si la subrepresentación supera el 10%.;B;El texto oficial indica que se fomentará 'en lo posible', tras 'respetar los principios de igualdad, mérito y capacidad'. Los distractores usan términos absolutos y obligaciones no contempladas.
II Plan de Igualdad;¿Qué colectivo está excluido de regirse por las condiciones de trabajo reguladas en el Convenio Colectivo de Grupo debido a condiciones especiales pactadas?;Todo el personal de Mandos Intermedios y Estructura de Apoyo sin excepción.;Ninguno, en ningún caso, pues toda la plantilla se rige siempre por el Convenio Colectivo.;El personal de estructura de dirección, que conforma el equipo directivo de cada una de las sociedades.;Exclusivamente el personal de conducción que se encuentra en periodo de pruebas.;C;El documento excluye explícitamente al personal de estructura de dirección. Los distractores falsifican esto aplicando la norma a todos o a colectivos equivocados como mandos intermedios o conducción.
II Plan de Igualdad;Según el análisis sobre la promoción profesional del diagnóstico, ¿por qué vías puede producirse la promoción en todas las sociedades del Grupo Renfe?;Por la vía de la antigüedad en el subgrupo profesional correspondiente o por la vía de la convocatoria.;Única y exclusivamente por la vía de la convocatoria de libre designación del director correspondiente.;Generalmente por antigüedad, y excepcionalmente por designación directa de la Comisión de Seguimiento.;En ningún caso por antigüedad, debiendo realizarse siempre mediante procesos de selección externos.;A;El diagnóstico indica literalmente que la promoción puede producirse por antigüedad o por convocatoria. Los distractores introducen prohibiciones o designaciones directas que no existen.
II Plan de Igualdad;Respecto a la vigencia y revisión del II Plan de Igualdad de Género, ¿qué plazos establece el documento?;Una vigencia improrrogable de dos años y una revisión integral transcurridos cuatro años.;Una vigencia indefinida con revisiones anuales obligatorias por parte del Ministerio.;Una vigencia temporal de cuatro años, considerando necesaria una revisión integral una vez transcurridos dos años desde su implantación.;Una vigencia de cuatro años, revisada mensualmente de forma excepcional por el Observatorio de Igualdad.;C;Se establece una vigencia temporal de cuatro años y una revisión integral a los dos años de su implantación. Las otras opciones invierten los plazos o inventan revisiones mensuales o anuales.
II Plan de Igualdad;Según el documento, ¿cuál es el objetivo central de la auditoría retributiva en el Grupo Renfe?;Sancionar económicamente siempre a los departamentos que superen un 25% de brecha salarial.;Obtener la información necesaria para comprobar si el sistema retributivo de la empresa cumple con la aplicación efectiva del principio de igualdad entre mujeres y hombres.;Informar exclusivamente a la Comisión Nacional de los Mercados y la Competencia sobre los desajustes salariales.;Reducir obligatoriamente en 30 días hábiles las diferencias salariales detectadas en la Estructura de Dirección.;B;El texto cita textualmente el objetivo de 'obtener la información necesaria para comprobar si el sistema retributivo de la empresa... cumple con la aplicación efectiva del principio de igualdad'. Los distractores introducen sanciones o plazos falsos.
Cultura de Seguridad;En el modelo de la Cultura de Seguridad, ¿qué proporciona la confianza basada en la coherencia entre el mensaje y su práctica según la definición de 'Lo que realmente hacemos'?;Los comportamientos de las personas a través de los que se da efectividad a las creencias.;Las normas exclusivas recogidas en el Sistema de Gestión de Seguridad que todos deben memorizar.;Las creencias y valores inalterables arraigados únicamente en la alta dirección de la empresa.;En ningún caso se relaciona con comportamientos, sino siempre con auditorías externas certificadas.;A;'Lo que realmente hacemos' se define en el texto como 'los comportamientos de las personas a través de los que se da efectividad a las creencias'. Los distractores mezclan la definición con 'lo que decimos' o 'lo que creemos' y términos falsos.
Cultura de Seguridad;Dentro de las Líneas Estratégicas para el cambio, ¿cuál es el propósito específico de la línea estratégica LE.02?;Mejorar siempre y de forma exclusiva la vigilancia y digitalización de los sistemas de información.;Garantizar excepcionalmente la implicación de toda la organización en la gestión de riesgos en vía.;Aplicar en todos los casos el régimen sancionador a los infractores de la normativa ferroviaria.;La capacitación de las personas para que puedan afrontar con éxito sus responsabilidades en seguridad.;D;El manual señala que la LE.02 es la capacitación de las personas para que puedan afrontar sus responsabilidades. Las otras opciones mezclan esta línea con la LE.05 (digitalización) o la LE.03 (implicación).
Cultura de Seguridad;Según el apartado de 'Consideraciones finales', para superar las resistencias al cambio y alcanzar la Cultura de Seguridad deseada, debemos garantizar entre otros aspectos:;La total eliminación del Sistema de Gestión de Seguridad (SGS) para evitar duplicidades documentales.;Un ejercicio efectivo del liderazgo, una distribución de las funciones y competencias, y especialistas capacitados para la gestión de riesgos.;Únicamente un liderazgo impositivo y delegar todas las responsabilidades en la Agencia Ferroviaria de la UE (ERA).;Siempre una centralización exclusiva de la gestión de riesgos en la Dirección General de Renfe.;B;El texto menciona exactamente garantizar un ejercicio efectivo del liderazgo, una distribución de funciones y especialistas capacitados. Los distractores hablan de eliminar el SGS o centralizar responsabilidades, lo cual es contrario al espíritu del manual.
Cultura de Seguridad;Según la Organización de Aviación Civil Internacional (OACI, 2009) citada en el documento, ¿qué percepción errónea se creó al gestionar todo el proceso en la oficina de seguridad operacional?;Que todos los trabajadores eran siempre responsables solidarios de las infracciones en la línea.;Que debía paralizarse inmediatamente toda la operación en caso de detectarse cualquier anomalía menor.;Que los asuntos de seguridad operacional no eran responsabilidad del gerente de línea.;Que la formación en seguridad debía externalizarse obligatoriamente en todos los casos.;C;La OACI indica que este enfoque creó la percepción de que los asuntos de seguridad no eran responsabilidad del gerente de línea, desvinculando la seguridad de las operaciones.
Cultura de Seguridad;Según el atributo AE1 de la Agencia Ferroviaria de la Unión Europea (ERA), ¿qué debe suceder cuando la seguridad entra en competencia con otros objetivos de la organización?;Podrá verse comprometida excepcionalmente si lo autoriza el Centro de Gestión de forma fundamentada.;En todos los casos deberá primar el objetivo comercial de la compañía sobre los protocolos técnicos.;Generalmente cederá su prioridad frente a la necesidad de mantener la puntualidad de los trenes AVLO.;La seguridad no debe verse comprometida al entrar en competencia con otros objetivos.;D;El atributo AE1 establece literalmente que la seguridad no debe verse comprometida al entrar en competencia con otros objetivos. Los distractores proponen excepciones o prioridades falsas.
Cultura de Seguridad;Según la fase del Ciclo de mejora continua del Plan de Transformación, ¿qué periodicidad debe tener preferentemente este proceso iterativo?;Periodicidad mensual ineludiblemente para garantizar su eficacia a corto plazo.;Periodicidad anual preferentemente, siendo un proceso iterativo que evalúe la madurez de la Cultura de Seguridad.;Únicamente cada cuatro años, de forma obligatoria tras la renovación del Convenio Colectivo.;En ningún caso se establecerá una periodicidad fija, aplicándose excepcionalmente tras un accidente.;B;El texto indica literalmente 'Un ciclo de mejora continua debe tener periodicidad anual preferentemente'. Las demás opciones mienten con plazos (mensual, 4 años) o inventan la falta de periodicidad.
Experiencia de Cliente;En el Grupo Renfe trabajan aproximadamente 16.000 personas cada día, ¿cuál es el objetivo mencionado en el texto que persiguen respecto a los clientes?;Obtener siempre el mayor índice de rentabilidad comercial por encima de la calidad del servicio.;Ofrecer el mejor servicio a sus clientes con la mayor calidad, seguridad y puntualidad.;Asegurar en todos los casos el cumplimiento del horario por encima de la seguridad operacional.;Disminuir los costes operativos diarios prescindiendo excepcionalmente de la atención personal.;B;El texto señala que trabajan 16.000 personas para 'ofrecer el mejor servicio a sus clientes con la mayor calidad, seguridad y puntualidad'. Las opciones falsas oponen rentabilidad o puntualidad a la seguridad y la calidad.
Experiencia de Cliente;Respecto a las directrices de la Real Academia Española de la Lengua (RAE) aplicadas en el documento, ¿cómo se utiliza el término masculino?;Como término exclusivo y restrictivo aplicable únicamente a los trabajadores varones del Grupo Renfe.;Deberá evitarse siempre su uso, empleando el femenino como genérico para garantizar la paridad.;Como género gramatical no marcado e inclusivo, incluyendo individuos de ese género y también el femenino, sin discriminación alguna.;Excepcionalmente como género inclusivo, pero en ningún caso para dirigirse de forma plural a clientes.;C;El texto explica que el masculino se usa como 'género gramatical no marcado e inclusivo... sin que de esto pueda entenderse discriminación alguna'. Los distractores plantean prohibiciones absolutas o usos restrictivos.
Experiencia de Cliente;El Grupo Renfe tiene el reto de generar una cultura centrada en el cliente en toda la organización. Según el texto, ¿dónde se le debe situar?;En el centro de la actividad y en la toma de decisiones estratégicas.;Única y exclusivamente en las políticas del departamento de Atención Posventa y Reclamaciones.;Excepcionalmente en la toma de decisiones operativas de las gerencias comerciales.;En ningún caso en las decisiones estratégicas, competencia exclusiva e indelegable del Presidente.;A;Se indica literalmente que se debe situar al cliente 'en el centro de la actividad y en la toma de decisiones estratégicas'. Las otras opciones limitan esta centralidad a ciertos departamentos o la excluyen de la estrategia.
Experiencia de Cliente;Como consecuencia del reto de generar una cultura centrada en el cliente, ¿en qué ámbito formativo se ha incorporado la disciplina de Experiencia de Cliente?;En el itinerario formativo obligatorio de las nuevas incorporaciones a la compañía.;Únicamente en el curso de reciclaje de los mandos intermedios con más de 10 años de antigüedad.;Siempre y de forma opcional para el personal destinado exclusivamente a Servicios Comerciales.;En ningún caso en las fases iniciales, debiendo impartirse excepcionalmente tras el periodo de prueba.;A;El texto afirma que se ha incorporado en 'el itinerario formativo obligatorio de las nuevas incorporaciones a la compañía'. Las demás opciones cambian la obligatoriedad, el público objetivo o introducen excepciones.
Experiencia de Cliente;Según la cita de Valeria Maltoni recogida en el manual, cada interacción con un cliente insatisfecho representa:;Un perjuicio inasumible que el empleado deberá reportar siempre mediante un parte disciplinario.;Una oportunidad para demostrar el compromiso con su satisfacción y convertir una experiencia negativa en una experiencia positiva.;Una situación en la que generalmente el cliente debe ser dirigido a los canales formales de la Administración.;En ningún caso una oportunidad de mejora, sino un riesgo operativo que debe evitarse cerrando la vía de comunicación.;B;La cita exacta indica que la interacción con un cliente insatisfecho es 'una oportunidad para demostrar el compromiso con su satisfacción y convertir una experiencia negativa en una experiencia positiva'.
Experiencia de Cliente;El documento de 'Nociones básicas de Experiencia de Cliente', al ser una primera toma de contacto con la materia, ¿cómo será complementado?;Con las acciones concretas de cada colectivo, una vez se incorporen a la compañía.;Siempre con un examen psicotécnico general para todo el personal comercial y de conducción.;Excepcionalmente con una certificación externa emitida por la Comisión Nacional de los Mercados.;En ningún caso será complementado, pues se considera el manual único y excluyente para todos los colectivos.;A;El documento dice literalmente 'que será complementada con las acciones concretas de cada colectivo, una vez se incorporen a la compañía'. Los distractores inventan certificaciones o la no complementariedad.
Conocimientos Ferroviarios;Dentro de las funciones de la Agencia Ferroviaria de la Unión Europea (EUAR) en el cuarto paquete ferroviario, ¿qué tipo de autorización emite para las empresas que operen en más de un Estado miembro?;El permiso temporal de circulación y la homologación técnica de las estaciones de clasificación.;El dictamen vinculante de mercado y la sanción económica correspondiente por infracciones graves.;El certificado de seguridad único y las autorizaciones de vehículos actuando como ventanilla única.;En ningún caso emite autorizaciones, ya que esa función siempre corresponde a la AESF.;C;El texto indica que la EUAR es autoridad de autorización y certificación: 'emite autorizaciones de vehículos y el certificado de seguridad único... actuando como ventanilla única'.
Conocimientos Ferroviarios;Según el apartado sobre estaciones de los conocimientos básicos, la creación, suspensión y rotación de trenes:;Deberá realizarse siempre en plena vía si existe una bifurcación no señalizada.;Podrá realizarse excepcionalmente en plena vía siempre que lo autorice el Centro de Regulación y Control.;Debe realizarse siempre en una estación (circulación) y nunca podrá realizarse en plena vía.;En ningún caso requiere de una estación, pudiendo efectuarse generalmente en apeaderos comerciales.;C;El temario recoge que 'La creación, suspensión y rotación de trenes debe realizarse siempre en una estación (circulación) y nunca podrá realizarse en plena vía'. Los distractores permiten hacerlo en plena vía o apeaderos.
Conocimientos Ferroviarios;En el marco del personal operativo ferroviario, ¿qué concepto define la situación cuando dos Maquinistas se intercambian en la conducción durante una parada comercial?;Intervención de relevo.;Maniobra de retroceso técnico.;Relevo.;Cambio de surco operativo.;C;El texto especifica que 'Se llama relevo al paso cuando dos Maquinistas se relevan en la conducción durante una parada comercial'. Las otras opciones son inventos léxicos mezclando términos.
Conocimientos Ferroviarios;De acuerdo con el RD 929/2020 sobre los tiempos de conducción de los maquinistas, ¿cuándo se considera interrumpida la conducción continuada?;Cuando se disfrute de una pausa de 45 minutos.;En ningún caso se considera interrumpida, debiendo completarse el trayecto en su totalidad.;Cuando excepcionalmente se realice un transbordo comercial de 30 minutos.;Siempre que el tren permanezca estacionado por avería más de 12 horas ininterrumpidas.;A;El manual establece que 'La conducción continuada se considera interrumpida cuando se disfrute de una pausa de 45 minutos'. Los distractores falsean el tiempo o niegan la posibilidad de interrupción.
Conocimientos Ferroviarios;Según el glosario ferroviario, ¿qué entidad es la autoridad nacional responsable de velar por la seguridad del sistema ferroviario estatal, ejerciendo funciones de inspección y autorización?;El Administrador de Infraestructuras (AI) de Alta Velocidad.;El Ministerio de Transportes y Movilidad Sostenible de manera directa y exclusiva.;La Agencia Estatal de Seguridad Ferroviaria (AESF).;Siempre y en todos los casos el Centro de Gestión de la Operadora (Renfe).;C;El glosario define exactamente a la AESF como la 'Autoridad nacional responsable de velar por la seguridad del sistema ferroviario estatal...'. Las demás opciones intercambian el organismo por ADIF, el Ministerio o Renfe.
Conocimientos Ferroviarios;Según la definición del glosario, ¿quién es la persona jurídica responsable de la publicación de la declaración sobre la red y la adjudicación de capacidad?;La Comisión Nacional de los Mercados y la Competencia (CNMC) con carácter único.;El Administrador de infraestructuras (AI), que en España corresponde principalmente a ADIF y ADIF Alta Velocidad.;La Agencia Ferroviaria de la Unión Europea (EUAR) para todos los trazados nacionales.;"En ningún caso el AI; esta labor deberá hacerla siempre la empresa ferroviaria operadora del servicio.";B;El glosario atribuye explícitamente estas funciones (gestión, mantenimiento, publicación de la declaración sobre la red, etc.) al 'Administrador de infraestructuras (AI)'. Los distractores intercambian al AI por la CNMC, la EUAR o Renfe.
